{
    "moves": {
        "Group Rotation/Translation (N-body) (2-body, symmetric)": {
            "acceptance": 0.705693780799145,
            "max rotation": "±14.323945°",
            "max translation": "±2.500000 Å",
            "relative time": 0.750135294241821,
            "runfraction": 1,
            "trials": 49994285
        },
        "Single Particle Translation": {
            "acceptance": 0.488611073124506,
            "atoms": {
                "Na": {
                    "acceptance": 50.0078235862672,
                    "dp": 50,
                    "mean displacement": 16.9307196506781
                },
                "PO4": {
                    "acceptance": 42.3605241197543,
                    "dp": 10,
                    "mean displacement": 3.12543364746095
                }
            },
            "dir": [
                1,
                1,
                1
            ],
            "genericdp": 0.0,
            "moves/particle": 34491388,
            "relative time": 0.213457884266135,
            "runfraction": 1,
            "trials": 1000250254
        },
        "random": {
            "hardware": false,
            "range": [
                0.0,
                1
            ],
            "state": "1658448066 3719079636 2962803270 2060765794 1785921597 576437489 1463908468 1323400268 3156069985 2732971730 2006334374 1149764476 3500976094 2544133165 4158579309 616822639 2286500585 1471641273 1014293300 475954500 4013678535 619455707 1915385287 288398716 1487653670 472896521 2416500310 1005141028 625547354 2864612456 2594834905 763101709 1917246015 721736109 3256174886 1281438604 555886780 3780688741 2712626867 2093405322 3407788984 1570257511 2708291332 1870163827 1029780809 2408443990 977734686 3305093983 3572761018 3702417427 4111942271 1222593195 4082419689 2417351290 4255988479 4049168645 2361407898 2746518400 4002041346 437676401 2674468064 1311489599 1488583347 3274811815 177012910 2413194830 3961405668 1845780825 4180309918 2644363095 1563881182 320572592 3818402929 1182521417 3656957170 1585372034 3703749087 1126222918 1336035940 4091786507 1986147551 969958129 1144476526 2069638583 3165414034 289571224 2917351703 2317293203 1849299441 2177017756 1404738899 2578952897 3336307286 1841440234 1022809575 667145543 456656259 1058868403 2096410910 1418954321 3323656026 98119535 2781481941 35308492 3449778839 726895554 4113640791 2077154444 227992901 75605814 2504901469 2366814254 3249999645 249526323 2762553709 609831014 859569796 2920098032 729318563 4071198637 1538050233 887257362 3336064321 2150724170 1684664862 751669658 2064759967 2041550918 632710591 1140721855 3773132860 236826361 2177351186 1089513926 583008929 3090208487 2148383202 3263263864 2083083892 2299720823 2079239999 2457757519 2417657062 2082236383 1726798467 2999085428 484897050 1827373216 4003004247 3110944273 1360161024 2364009783 504691193 4283419857 2507070892 2876581920 396490647 4035825212 750300801 147832810 1452753861 3008345100 3788574094 1984880326 3987142157 842032876 560111036 1440758247 2080899745 2304072174 929104646 3095267362 789592158 2714256170 3805141047 2351600549 1111701110 3211274531 3694491034 2947289982 3115857850 2701101900 3434626753 1155868658 1497296868 1848746176 3945775406 3343722183 2905614172 3349520138 179305329 2946203070 624596294 3507803979 620159912 913401150 4016601295 3336444160 1363737736 550283111 4256978956 476097997 3459354667 3706612944 1456126513 1923157315 2171642912 1638792917 2986399877 3638559816 1932068029 1954445112 3186550760 1005810321 3739754839 206285849 1434549976 294593637 534636708 2479721864 3491029406 3567365331 1186664720 3787924983 3625425866 294733066 2878523060 3749604406 2338217688 1340488123 3194945172 327557782 2323912734 1388059777 2914444388 2099494762 796649490 2986736502 2850760200 2716612196 461787862 3398330020 741323315 1473247193 3892676078 754002358 961611120 3645831628 860384019 3824837896 669758822 3350337300 4210653431 2354338561 4064737195 3914822989 36677255 3876708949 24927814 297154100 500517099 1995709085 365166113 49095306 3791083643 3136676093 2602022363 1964384639 2631524616 1550245650 1310584995 4279911589 3979128098 429918640 4042979339 2109691916 2181789971 1138980742 3487005448 1102434665 3718636397 1967607709 1870854504 121057288 2710146864 4275474061 2264219247 3567543303 349631313 885955106 3017738542 1295258706 2892008136 1109948679 3821169139 3246600531 2625269343 516012841 3495097290 3954554536 3817809929 4176919181 1513778261 3363671183 608246835 2630222902 4229575260 3681013250 905732737 2870123575 705482629 244557404 587896885 4007304332 2605695238 2214855374 244328810 2202970971 2816434278 3946987010 1244218601 3729021545 2227057837 4071061341 4218392062 747930334 656277494 3706161262 3503124628 301312824 2691883442 3096639774 1248981910 2425900491 722586081 379112527 3647663151 4161648686 2147242215 1264581098 2444650785 2603702531 3428844565 1998144162 2388355746 895221309 1722511737 1875011734 4001411366 699425880 2991514806 69379615 1061647657 422785305 648370330 3160122560 3761319819 2731344505 3765279367 1088730930 2115910714 3362098545 1543166258 786881285 1852937694 1296033507 3862182275 2710461132 669623709 713119002 2363135208 3246940870 1948467135 1623845943 2377623579 2113759585 3041815912 2671770163 2205611042 3682256005 3779944713 2267550177 2608848125 1413359536 3827750630 2765645163 4288877208 1937466689 171506016 3601921072 3302901315 4281131444 1059710192 1705874950 3871792865 3461165930 2152678300 464260175 1055315899 2385536983 3903881842 3698113911 2626293627 1992571479 4106076749 2028346106 1241332625 4146627166 3033242984 549905246 1287415393 2607118731 1918523027 2173370930 2266562478 553852007 1998454085 3877723065 2646300511 2634639294 1657508300 1362500580 2905244948 1050836069 595737744 1215176506 3846231850 2597757352 1192908624 2707985996 1924815841 3773124096 1913623791 1615132874 3708395957 457412276 3891243357 1099471913 2997072851 1187229772 1947993059 935989397 3560194278 618759674 1688977527 1267044472 231020349 1718185002 682580106 2235843060 3236925187 1959621248 460517080 2896156634 3589335816 3179441635 2581543270 3918478554 975001990 2788160377 4037957811 1137774969 3392270949 2822462181 3122896706 3860407438 182585033 1895311741 611850893 2148308375 4286219193 3350775236 3306427803 46873562 1764316486 1116615787 1920995107 715070575 3037283012 2092072744 175043392 2258670392 3952750993 890859743 2738382998 1486191110 1161420746 1198377770 2499641019 58770431 1460501837 1538043972 3522742037 1761513360 4244391427 3584386047 82250556 4285737389 33685925 4228185957 970532230 2000307370 3440525597 1195407859 3052863342 437701395 1707166326 2930993794 4041072156 717028154 3715387134 2318470834 2975676525 3426713649 2418055884 362143986 1709591205 226651491 1885861012 2900926613 890334674 2591910439 4215321890 4187656387 2403776741 2090453500 1144502508 1836812106 2853444416 1222578452 3979584281 2735656719 486450061 3290551200 3963984604 1536392265 704628492 243179090 4172572613 667619889 1283462719 2359932573 4151231748 2713744990 806890856 2572759756 619034695 565601613 3162896120 2620555596 2225269665 3761301686 1730513122 3373431227 2095585587 874869035 275650209 4221386016 423315686 4155980325 1332473724 1094370630 4196495698 2770689535 2377096624 1658875127 2998118052 2958965043 466816554 211452928 2237487256 150028118 709006470 156257324 1745206626 732984699 3730284284 2684022073 2639258805 2294153816 2379209928 2025327533 2925338860 140780911 4078720533 1630091831 2807132624 485789057 1265194126 280910468 3193978282 3153805019 2295925101 3024838031 3041749615 3347486984 1890958006 812329037 2275918947 3779765290 1194510345 1692152971 1103919518 632626207 3870110055 630997504 3910235185 4240579388 1784481455 2426599798 2175615972 360452256 2731914956 1493932057 756019097 2732749505 552617614 2465894912 868218970 853213191 1247734195 910507522 10004363 2971908093 188"
        }
    }
}
