{
    "moves": {
        "Group Rotation/Translation (N-body) (2-body, symmetric)": {
            "acceptance": 0.213994702399601,
            "max rotation": "±14.323945°",
            "max translation": "±2.500000 Å",
            "relative time": 0.515301854450871,
            "runfraction": 1,
            "trials": 49996976
        },
        "Single Particle Translation": {
            "acceptance": 0.476203160529682,
            "atoms": {
                "Cl": {
                    "acceptance": 47.1374440750659,
                    "dp": 50,
                    "mean displacement": 16.301053612602
                },
                "Na": {
                    "acceptance": 48.0437824634307,
                    "dp": 50,
                    "mean displacement": 16.5175350326329
                }
            },
            "dir": [
                1,
                1,
                1
            ],
            "genericdp": 0.0,
            "moves/particle": 50002927,
            "relative time": 0.478037170284712,
            "runfraction": 1,
            "trials": 6100357200
        },
        "random": {
            "hardware": false,
            "range": [
                0.0,
                1
            ],
            "state": "415717534 2275703504 2456640038 842154314 3080881741 1975125129 3096105082 3575961341 1636587849 1197045451 468066321 1020595026 320186400 1418044388 745110709 3527697772 3910721176 1547176874 698319597 577235290 4075320976 1163481037 2825401548 3965477983 4160582300 2192161093 601984077 660791864 2431272948 708983879 3669445257 3358680941 266921262 260630383 3042834473 4004992293 1424456993 2429499316 3170488568 1475147304 4107081846 1075683157 1145401574 3946825182 1168710477 1083094489 2924819911 2348075069 4127930347 2093238536 135765932 806366183 2015646663 3139726738 3485424101 3101195504 1661292999 1731417780 1296610084 3796729582 1575661844 4245613251 715447678 2649984568 30404528 2669160244 3081565760 2045474361 2961873644 4138572285 3616745333 4197559935 759797235 1001440987 2569259414 3804401255 3157287213 2035350443 2900593992 2226969048 2530553425 531697571 2220307927 305213889 128366790 4012901343 2874376256 375958601 776577443 1539924298 2261983883 2281125059 4242875992 247850177 2883818613 2757198231 152824469 1575446719 110350620 900559576 906620750 1465137196 3500486712 4137553085 2885342944 2585711559 3294403919 629512792 4213425087 2336974066 4291195353 3361932916 1352192971 3770153435 2677015929 874569110 3097781693 2196272702 1046887298 1914524292 2141275794 717215799 2132016759 1326914467 2381937370 2750149068 819795719 3501838253 224050950 956797969 226654223 244822538 339296071 1299844133 1423683623 1977407568 2548839100 2449134647 4254213594 3073126745 261277562 2804466617 1017400568 1254805364 3818826275 1582798130 445392033 685879049 1853905805 1181453914 3722470892 2344666406 1368944872 3332443107 3464840942 3876089846 706698488 1748497157 3384001184 1695324900 769847842 1423059100 3641315791 1594286435 3617958999 3344079478 2456992300 145621401 18863319 3208174680 3442705948 3609642144 1011444202 1518685559 2925502044 1396157970 1495485467 2231300901 352305119 611733005 2125772734 1053635943 1314086175 3277744462 3525756638 3969857742 3390250162 293208048 3250088567 3040751472 3743727749 2540652869 2680894290 3341487138 3676070883 3678122754 2023834521 1988913230 1177285287 1889133882 2704674305 665399987 3971930992 1959869291 1841005255 911563877 3709741935 3042461636 4090659561 1388467462 1591585030 3421862509 2059174426 4137572849 3309285183 3299525804 3519617310 2766351789 2889786363 278897511 3743152038 2285740853 1499652491 626536199 1641117744 1388647290 1867033191 415843696 3886028956 796929503 5808259 1061730731 1432860498 508743823 1372628911 903148471 3627252507 2690147340 1246955861 3524255427 1647319622 930211203 2196048282 2605966266 3366204000 2847126615 4100066918 3204320163 868692507 4251856433 4271650024 2320791949 1245880830 633697708 672501137 2670248086 3812215770 2558974885 2725947167 1525556648 3982788480 3015042098 109000041 3683347115 826494568 3980257719 1419559894 3379052601 3406847843 2205773385 3757778136 3344469660 1754650847 144770620 132697380 2548006852 3719930745 2825856269 3521879506 3816423209 1752019177 3923577391 4042494948 2785239617 477948069 3359068538 857318911 752752329 1038738430 2523004724 2209198879 3561023691 3291762725 2499304100 3852188603 3195706876 4233976637 191971167 1932213605 881592401 2639622999 3127746438 46719108 3405467631 2432231591 2688328178 1199232192 1846083652 425522654 1190858332 2800162447 3556626197 467525897 851493633 1121820906 1406753796 1288224227 3268678623 3113182621 3700674417 3818069306 3874061710 1143053735 2470362929 2532109512 1563293798 2463941707 2264937775 1224479790 663359482 3147147144 4219179185 4037439896 4109171109 2264332937 4230558 69613994 2011345979 3042062326 1821965277 2402840241 2830408080 343634454 2085947449 2988189984 938768652 125533686 1337713394 1478201643 3655348515 3889024438 1655070673 1034079995 3386611189 793479654 799699452 450501988 705469252 1828897720 1129727726 2698845311 3856086380 4200535045 214669600 508121922 2967833775 3730798576 1549952281 1524833605 1952343076 3208944548 608587879 2530010241 1123226300 1942068427 67951044 159776329 688347675 3970809173 1449882759 1100488183 2793735034 1500362611 770226675 3941623643 4002724390 1230922599 902886296 2108821105 4105348244 2685082587 2966331608 4227972728 3690350050 1459750559 3066018054 2159967267 3398251683 3125863898 2269704777 1731030293 142820012 977138291 3688899743 3100805902 2307880668 3624632213 3700117563 1972341468 1472478072 2760292610 1100887405 736186344 365959459 3626251222 2493589953 3575028493 3699592534 3435095368 4109358828 1920438951 3374452588 2495379286 3995162573 1270998028 37299221 2257521012 779461356 3839469087 4262009776 837603602 3927359373 2864364267 4178131452 2424085652 1934458646 2901052541 488930471 2944930141 3288292007 2740891563 540858329 3935919432 2003854024 3992308714 4088840826 1444199116 2283797097 3374695956 3872850055 3262424280 2217181569 3022911100 94460757 544757687 4174490275 1304681713 3375711230 3918704777 1285494968 4056737937 842076454 1396736972 2908514254 235377845 2792036404 514656325 1237589503 3660073363 2818444354 3720702915 1902276219 3260354765 2509740345 3834754933 53979034 2415133427 3595227903 4262843683 1855751318 2325723103 243669218 1672040542 3252356852 3960301942 3982851286 3187406979 3056345157 259244568 313542063 3312647643 3108343087 1687795917 4065375109 1343505794 1573863186 3978778356 726150964 82393468 1103503191 3533419290 619712739 2630443788 2537885371 2265227208 2018141875 1933342911 1158687393 1894185068 1354105419 3299190121 2945971088 841806554 299963774 1801947722 3365626792 3262822984 2847252481 1306454547 580038415 2428940210 316714447 2676495243 4102139863 3455135279 3458183852 1027107904 213603 1518758897 974263962 3935737614 898974859 3858359293 1097942719 3191134863 2486951018 1444902214 437820237 2407134520 2209817771 3907151114 3004362453 1077052043 3752674513 2968630232 3419681232 1517997613 3696879710 1680506663 3017865389 1310700606 331959759 29025765 3353042900 263284285 4261633022 3225890340 3807998361 2255797392 3282947674 179695192 1402897715 2385423259 3095634053 3474134438 2811485288 1798697064 3196189018 4135953600 332431793 111268018 970273963 893737290 1355300345 1890626437 1777598961 3443683031 2871886612 3683133836 4112711183 3765065437 4108216975 589146866 700294885 4038107007 1375520603 4115599503 3457292339 1133825452 1979475097 1093807331 1868899088 4154962852 1100835555 2957356226 3662791861 398399204 4283044676 2869585576 3174008195 1808130724 1539399177 1179310574 81526872 4227932400 1449289613 210648253 1811306616 966261741 3067930602 1240660795 2628073389 2166359052 2904416865 4149712968 1854650422 3811557419 1476360544 4285128127 384905407 2636579244 1128768673 1823798474 2363347052 339"
        }
    }
}
