{
    "moves": {
        "Group Rotation/Translation (N-body) (2-body, symmetric)": {
            "acceptance": 0.370307540573478,
            "max rotation": "±14.323945°",
            "max translation": "±2.500000 Å",
            "relative time": 0.760195817209258,
            "runfraction": 1,
            "trials": 49996330
        },
        "Single Particle Translation": {
            "acceptance": 0.548977176893381,
            "atoms": {
                "Cl": {
                    "acceptance": 54.4194345513914,
                    "dp": 50,
                    "mean displacement": 17.5558524518728
                },
                "Na": {
                    "acceptance": 55.0925924259302,
                    "dp": 50,
                    "mean displacement": 17.7453405789355
                }
            },
            "dir": [
                1,
                1,
                1
            ],
            "genericdp": 0.0,
            "moves/particle": 43184117,
            "relative time": 0.20268915789127,
            "runfraction": 1,
            "trials": 950050594
        },
        "random": {
            "hardware": false,
            "range": [
                0.0,
                1
            ],
            "state": "2858842706 1462473048 735407487 1532242646 2812669056 1027525113 2791379223 3702802358 2834253490 1880751478 3700227277 3327791651 1716257822 4089677624 3733963548 2276177127 602209450 722476405 2997497793 4282450810 2464830905 2084116164 3346839233 2203560313 3370216436 3003595691 147278278 2637442274 1278725345 2769816447 4139372318 402466002 1010493721 2456691730 2216291071 1698760781 3346747439 2333058887 2455031754 1417776435 3485903913 2403177723 2072904662 188049516 1917564634 675611174 1849137000 2591560263 3815936845 1537616524 2302480984 2054080238 3022568497 3617826611 1257872036 1955272853 3070746096 3304617106 1744210546 2772687156 2267453288 3460040464 2755482567 1977470802 1153544282 2123902254 1790573850 2375623053 484673655 2134244162 958362333 2047659229 2121078107 1213242707 1377757545 1804761447 2854114419 2157650576 790205354 3361794579 157692561 978485068 3263638804 3946401489 3203616166 1224943458 1175425233 1013788407 1622648196 1468215818 3199718988 2664294907 2682330418 396319481 2024768143 1354323738 3563354022 1973083791 726088144 1497900350 975257789 1176884809 1479802780 2114090117 2134207373 2429933493 1462743153 2238552814 4200041099 3500001587 3325343829 2896732444 2254098964 1922046528 1432665150 4280817650 355441432 1788303899 2312935266 2322161728 3362566256 821406272 306383276 1167343643 3912792765 223426928 3151775236 3703542459 1363150905 2497349713 555057975 1549647332 2498603641 3924930443 2902268665 2468452346 2133187132 1425859813 3983051381 3158013418 2945100850 1095109280 947226556 1515612829 2368138016 3916590217 1494135789 1471470983 1092546076 4076350338 1814835653 259579054 308946754 2407682794 23253618 158586959 2167213775 1977637392 1449224123 324752485 3710144718 101174664 2237378322 662857007 714551186 1826689011 234475128 3097918930 1315317818 1058012724 2134347839 536365003 1400027508 1286082182 3275868139 1488974120 2647588053 933111195 3970696407 2943685472 2049047572 2463812200 2024459017 3009680390 3659910702 640149219 1338369234 280915629 1983767760 1789554718 607113731 2032354035 2487755043 2101899636 3633336419 2369974185 3472517423 3989478800 2202193713 3897380831 819320341 849247965 3707436418 1231076446 3896033600 4235492878 3707975058 2182095664 4265681841 1509830658 928687039 1044310664 591697285 2250222987 3936483891 843931669 2838632995 2967566031 1335637750 1677921018 1292469259 3235175376 341964730 3059171865 2952168110 999984117 2196439386 2068403612 1875934051 3044450896 2165077141 1146773084 1627198688 37503323 1820210164 1663395314 4084021240 3893491394 1744625141 440516945 3934716255 3002009842 128882723 202549898 3701172962 1244501696 1210734556 1489766967 38667153 4127910730 2273003527 1861382897 2530966830 1823117287 3320533770 2095530292 2067287378 2379619383 1565738513 2772306321 2700679221 3574290435 504923531 1792024451 1215517768 3029865912 1881122640 3735206725 1152390015 1857252527 3509772258 2871800767 2299905083 2691417839 2130815832 4167640430 4173609402 2699041366 3468146268 3906251291 97735378 1115562902 3956702485 59158014 1707585448 3054120128 825177431 101620296 3848545690 3569185284 1772462971 2961467218 2518548571 3095405762 2551493522 1868131710 3369279189 572406833 2076266648 2133980308 2202571730 1562325152 972306812 3744376957 446940806 3606043826 4016387861 3021695817 1692994520 4236586635 550829881 890483318 1773731949 2697335322 1793115145 2378173421 3152692994 2155076609 2023551238 867181810 3530713114 349305333 1448714137 2500615344 2351910382 4035804474 3313293669 3626021007 3602632070 1806557537 2197514515 1428867548 702067063 3087941920 1312040675 483934005 1974981660 892147743 2190605885 3661212971 3812796223 2881313995 728029424 511057535 3564307434 2984338296 1819658942 2506682285 2004585305 2924850074 1367436600 519295719 1795650898 2436439069 2670955237 3408029371 3152947102 780586829 3373909161 965814089 1551046393 1514269367 3563488727 3801417379 3359316673 2513115276 204937986 4199722032 3867953484 1202151438 3974354611 120391434 4087086432 2056762009 72586107 3807446328 2150909524 3452019060 1443046742 2811381838 415119075 3586944243 3892775235 2269156972 185643473 572871270 4107859424 4168814448 3314443163 1785368217 3209146686 2853722332 232648889 1881084396 2376642847 566813651 834773804 565927811 3845372301 2793377867 1770840133 1678292330 726027500 634818087 2439369685 2573070315 2304321703 1850232151 745470117 2328705818 3976763656 1933004699 3040202536 4079600062 285656368 737745009 4108736609 912408738 2387530650 2262532613 2551009088 3802900077 1625719703 2274371038 2092791795 1503003804 288154109 2307550620 273828567 705238986 932378126 1451970364 836835824 134034895 378317395 2039395127 2800916678 2048498697 1429574079 2054958764 2567587970 2297971754 893524527 594403413 445499800 1632324133 2097406133 1335067094 1600812498 3654865275 3244899623 525477242 1974706752 741215971 2938579547 1286013154 964444580 3757285220 1950374238 95162567 2165526693 363856880 3135541750 3082766869 3810678960 3318927165 578717787 3586902525 862938684 3208490063 462488398 4194752499 913689356 3066105605 1899630819 3378349285 790633610 411283670 384210211 2112141027 4087347070 462737014 2580261551 408740388 1126134673 158459223 3997788879 1849639312 1672001785 2321703177 2713313312 934094966 3149911929 2319669620 2100642663 2061300479 29811654 934065686 1940320860 1034712453 1566599630 275297629 1902901457 818943756 3917951803 2377971212 3616005771 3556839326 1837238173 578005468 3032980454 399689004 3430144169 1252085187 560655401 2337373955 2497672234 4080410611 505461687 545523785 3786839190 2159512965 1422864419 1823258794 901950823 3717036033 1738888771 2548984635 4000202916 4182855763 4161915284 3715905087 3691695727 3919393913 494151997 2640792424 1418046572 2111515445 1629795322 3906434205 397040195 148435145 3868772446 609505261 863430812 3358665141 526088758 775186266 575623966 1710361255 2761239880 4049210964 663193411 1367828509 1871108266 2033017646 3268672740 4112744877 453585330 2915828257 2672487036 4245542858 502485765 2732709796 1273240860 2399314475 3827660120 3223634146 4206697255 616594172 3624432165 319555581 1111216545 4132647603 2174154408 3319597977 1378683404 1479615046 2556148629 1798727065 2219334741 387914397 151926464 459271116 3763199832 2404952494 2193610837 455606820 830331671 792734684 3562010705 2108503506 1622147055 4052202508 2058827704 928737031 3787501370 3163064564 3186872223 1271208391 2625232983 3498493466 3731600720 728141276 1509315144 2142062867 246018949 1698803716 4209709987 2970624945 2820548615 1532470847 1480744877 941450422 1180780060 1203148980 1915152648 2443057533 1465228635 3081844713 3258709920 1914172894 507149782 619879941 151"
        }
    }
}
