{
    "moves": {
        "Group Rotation/Translation (N-body) (2-body, symmetric)": {
            "acceptance": 0.0745093620681772,
            "max rotation": "±14.323945°",
            "max translation": "±2.500000 Å",
            "relative time": 0.808594574827576,
            "runfraction": 1,
            "trials": 49994402
        },
        "Single Particle Translation": {
            "acceptance": 0.505653960220787,
            "atoms": {
                "Cl": {
                    "acceptance": 52.1548820276706,
                    "dp": 50,
                    "mean displacement": 17.2299276044736
                },
                "La": {
                    "acceptance": 28.5773496889064,
                    "dp": 10,
                    "mean displacement": 2.49641038580839
                },
                "Na": {
                    "acceptance": 57.0257215432296,
                    "dp": 50,
                    "mean displacement": 18.0580763036386
                }
            },
            "dir": [
                1,
                1,
                1
            ],
            "genericdp": 0.0,
            "moves/particle": 44449292,
            "relative time": 0.153201643963197,
            "runfraction": 1,
            "trials": 666739392
        },
        "random": {
            "hardware": false,
            "range": [
                0.0,
                1
            ],
            "state": "2133599088 3127367482 3619188926 2208849021 2048910036 3021466441 2071107498 404294313 1154140174 125519278 771198794 957892648 806992817 1781350419 3892070619 1644248734 670372962 2346929179 2723504349 2233892819 989183420 1867141235 3051132105 1684614879 953524655 1982118752 2021382128 3433532865 3610129210 1336891560 3204443338 3235611307 1047088597 557534062 1295598237 4025572437 3952727699 3234386969 1043087460 3002496256 554399359 16844894 1338863826 2236661033 3620307007 41420489 667098529 449165672 3593941509 3590592369 3457290458 65194629 2715024329 612348195 3500695632 2081027745 641998436 1726259800 2889006642 1534917607 157364708 3633276731 4149175119 1792316877 2982973283 2834036130 2784313644 2161258561 2453376598 725961970 2308419570 3675784432 1172275702 2238587406 1286591581 3317581454 101273795 811387488 3780001493 406490371 4264746291 1480350047 3727151995 567765934 3938573327 3561274023 2755782213 1878865654 1548290057 3237547061 3474341689 1669342221 76341918 3740903 1123591348 3092782271 957009974 2254953823 3702178564 501177367 629608227 2666024522 2654630404 4143075889 1206677855 3881573356 2468072059 2808080451 3784170382 3515496850 658538037 24356780 3193089884 321979019 3030865530 963607287 3681314403 280294037 3003670809 931075838 2140589762 3139661398 1662774328 4255526273 706293316 4147447381 4206148936 1257729295 3807284800 741717314 3565440623 1376733916 786957239 1047287711 1442249807 2581152560 3002686421 1514450083 1693177726 2922728208 3207584833 2283435061 1072656109 1278202970 4004771714 3611394443 236771760 1862953060 1929635873 2498063485 3582924591 1798075934 2971404158 2633568136 1894799223 4262898648 2211680525 2098343159 1553943774 244202350 3869895409 3870190847 445302805 918441776 2137447690 564513710 3372714898 2921377753 77347295 1519922039 2206573278 3861529451 2351830031 2810244417 3590401836 1595104624 2431160348 361433164 861126176 4077907444 1028484397 3279858748 806337062 889917146 2292107768 1601666644 1960732196 1035249800 1847272330 2817469162 2838221839 3626853994 2558881993 2571911315 266113886 3844118774 2748558525 2555324536 3805761712 2069435727 2695864109 708961281 3755736037 1233023199 1127005141 1381457853 3429936503 1605611896 615515682 1180986840 2316043354 2717623496 2132214709 1563506877 397542100 1572690830 1589873010 3178054467 2531527405 1327574735 3400922415 4149475860 997418227 2743372540 434737158 2852870289 2219860618 3952040886 1007895288 3738277744 3926164505 1769235807 1143063237 3572100604 2249407699 2860179988 2489406926 620527223 142964713 1549626397 3775666873 4064548989 2659813846 1411704291 1467191275 802234326 396701762 482026759 1636188009 1902387185 3206516919 3183195952 370037807 649168596 1630183071 2175627632 872502510 1881394294 4230442211 2445218354 2560703161 3929596294 3824165008 2897847754 1369001795 2244194308 4239790334 3206994865 137216040 2821170176 3743962364 1579322771 2439361000 1363472860 590292742 3791853401 3930411161 2757342544 1847553392 2943051871 2262346276 1189733660 2471980684 1285346252 335479667 1253876196 3161585724 2309201957 2826797866 2231854916 2030417975 943182742 563685202 2207624478 2317997356 1283886524 1653067900 2961007222 3025854249 1907756638 3369196789 737815864 1391097645 2800224988 3803164587 4235753856 2908619293 3216636005 3030106966 914054861 3521258378 2821357181 1044994873 1286067167 869305073 769439438 924497172 1006593565 3060642889 2173966638 1147598047 789266028 1657315389 3114330219 31773399 3206897313 1110508941 664683516 2705854846 4281167937 1990776264 3626799421 410863058 2192567466 3169533080 2069233039 3759407339 3440090716 2020506713 1368450098 1848900041 2837383375 693148865 1417141811 2082041577 3344860166 3569194369 4081209940 1438210903 3088927313 548280911 2922792444 2175763835 2726056421 1555303811 537529237 192615726 3496965953 295260894 1705407165 1883883646 4201765876 647092880 3405740738 2570774626 2093115832 172340162 1493897498 708883826 16611214 993205412 499681154 591162629 3813360684 3527925193 3346985393 3198729442 684066591 3774664617 619579203 3074452530 2002284853 366743373 498504231 2618280696 1973070532 2716374294 3572643730 3333695067 701389380 3353096836 1193093832 767084074 3680041848 1760770631 2527075630 2477145576 639267321 2676504703 498204119 1693914932 4183246438 450460349 1236882039 2958854358 3437709402 2766354668 2864026253 2888630977 984723916 3166483707 3715634765 667105092 3214884092 668127356 3219224193 2058577799 2412429810 619937663 1440767144 496940638 1444484790 860287416 3462464872 2354676686 3519983644 1063802896 2041519604 1335403177 1407971817 3908096112 2943138220 2347545576 907455893 2347980135 445724810 4245431596 4161447929 2791614082 616204580 2153538900 1160330635 3584570506 4203467212 3900988264 2735138263 435305325 2476774352 3724031513 1991991481 3359728460 248639188 629208499 805643254 1711315842 1441602172 2854100419 1018584554 2233763974 1880847827 424161992 2523181346 2464066039 2855383548 2318735451 3930101072 240775699 3349208373 3337959443 2241928647 3496147673 2725472709 686585078 4127856480 3475473475 3945850001 1930528548 3489938449 2303389498 1575344835 2047482124 3110775017 3944060773 3524790178 508255739 3841998752 4111209031 1565591222 3187489542 443749539 2825250918 3215888310 1807954032 783297474 1582454515 1745656372 761613752 1700427570 950340658 1609592256 2683727168 2444180826 1746281245 2376231689 3020489766 1629681051 3854193265 2173013962 1296996271 2573611422 1540716437 991322854 2752680625 2621806968 1191028076 1979980303 83626857 2805834797 2673338815 2600058586 3484320069 886358438 103842880 3443230271 1203507254 665680121 4191485421 2209474670 2630699201 2206346508 1995172332 3965202449 1547281434 1298695078 2920236557 3930839655 1890798783 333713961 980648347 2882128685 3232205549 2011056061 2496866797 1164131435 3511549950 4291954322 1150542626 3498376842 2691249045 258288242 2227535123 51011291 1285514925 2129480883 2034049455 1319901924 3086732765 2916604340 3491489431 1241797448 1724353697 2294457381 1943680489 3040973250 1622007291 2069263094 3397815716 1036838955 1134756730 3519985302 632358298 3258787331 3150898925 4239744824 1692304731 2729008302 1375371693 231359348 209608125 4091765151 2417672432 2531161186 3356723343 810110304 2676586666 1439149577 478373856 1763259162 3689330317 3245812198 522309716 4265131949 3747408927 1947701790 2683430278 1497849210 1332806383 4092328289 148315925 1280194062 73016516 3196147936 2833663949 1589580050 2918533611 890523068 2610931497 657227376 1609600255 