{
    "Charge Multipole": {
        "mollist": {
            "0sphere": {
                "Z": -8,
                "Z2": 64,
                "mu": 186.570999999767,
                "mu2": 34808.7380409312
            },
            "1sphere": {
                "Z": -8,
                "Z2": 64,
                "mu": 186.570999999747,
                "mu2": 34808.7380409455
            }
        },
        "nstep": 1000,
        "relative time": 3.03560371701892e-06,
        "samples": 100000
    },
    "Molecular Pair Distribution Function": {
        "0sphere-1sphere": {
            "dim": 1,
            "dr": 0.1,
            "file": "rdf.dat"
        },
        "nstep": 5,
        "relative time": 8.1397468483868e-06,
        "samples": 20000000
    },
    "Multipole Distribution": {
        "dr": 0.2,
        "file": "multipole.dat",
        "groups": [
            "0sphere",
            "1sphere"
        ],
        "lB": 7.00569732917458,
        "nstep": 10,
        "relative time": 2.20149189217145e-05,
        "samples": 10000000
    }
}
